address,organization
"ул. 40 лет Октября, 1А, Вичуга",Управляющая компания «Жилищно-ремонтный участок №1»
"ул. 50 лет Октября, 10, Вичуга",Управляющая компания «Жилищно-ремонтный участок №1»
"ул. 50 лет Октября, 12, Вичуга",Управляющая компания «Жилищно-ремонтный участок №1»
"ул. 50 лет Октября, 14, Вичуга",Управляющая компания «Жилищно-ремонтный участок №1»
"ул. 50 лет Октября, 15А, Вичуга",Управляющая компания «Жилищно-ремонтный участок №1»
"ул. 50 лет Октября, 21, Вичуга",Управляющая компания «Жилищно-ремонтный участок №1»
"ул. 50 лет Октября, 25, Вичуга",Управляющая компания «Жилищно-ремонтный участок №1»
"ул. 50 лет Октября, 31, Вичуга",Управляющая компания «Жилищно-ремонтный участок №1»
"ул. 50 лет Октября, 33, Вичуга",Управляющая компания «Жилищно-ремонтный участок №1»
"ул. 50 лет Октября, 4, Вичуга",Управляющая компания «Жилищно-ремонтный участок №1»
"ул. 50 лет Октября, 8, Вичуга",Управляющая компания «Жилищно-ремонтный участок №1»
"ул. Богдана Хмельницкого, 1, Вичуга",Управляющая компания «Жилищно-ремонтный участок №1»
"ул. Богдана Хмельницкого, 10, Вичуга",Управляющая компания «Жилищно-ремонтный участок №1»
"ул. Богдана Хмельницкого, 3, Вичуга",Управляющая компания «Жилищно-ремонтный участок №1»
"ул. Богдана Хмельницкого, 4, Вичуга",Управляющая компания «Жилищно-ремонтный участок №1»
"ул. Богдана Хмельницкого, 6, Вичуга",Управляющая компания «Жилищно-ремонтный участок №1»
"ул. Вокзальная, 1, Вичуга",Управляющая компания «Жилищно-ремонтный участок №1»
"ул. Вокзальная, 18/67, Вичуга",Управляющая компания «Жилищно-ремонтный участок №1»
"ул. Вокзальная, 3, Вичуга",Управляющая компания «Жилищно-ремонтный участок №1»
"ул. Вокзальная, 7, Вичуга",Управляющая компания «Жилищно-ремонтный участок №1»
"ул. Володарского, 12, Вичуга",Управляющая компания «Жилищно-ремонтный участок №1»
"ул. Володарского, 16, Вичуга",Управляющая компания «Жилищно-ремонтный участок №1»
"ул. Володарского, 18, Вичуга",Управляющая компания «Жилищно-ремонтный участок №1»
"ул. Володарского, 20, Вичуга",Управляющая компания «Жилищно-ремонтный участок №1»
"ул. Володарского, 20А, Вичуга",Управляющая компания «Жилищно-ремонтный участок №1»
"ул. Володарского, 4, Вичуга",Управляющая компания «Жилищно-ремонтный участок №1»
"ул. Володарского, 6, Вичуга",Управляющая компания «Жилищно-ремонтный участок №1»
"ул. Кинешемская, 40, Вичуга",Управляющая компания «Жилищно-ремонтный участок №1»
"ул. Кинешемская, 43, Вичуга",Управляющая компания «Жилищно-ремонтный участок №1»
"ул. Кинешемская, 66, Вичуга",Управляющая компания «Жилищно-ремонтный участок №1»
"ул. Кинешемская, 68, Вичуга",Управляющая компания «Жилищно-ремонтный участок №1»
"ул. Коровина, 11, Вичуга",Управляющая компания «Жилищно-ремонтный участок №1»
"ул. Коровина, 13, Вичуга",Управляющая компания «Жилищно-ремонтный участок №1»
"ул. Коровина, 17, Вичуга",Управляющая компания «Жилищно-ремонтный участок №1»
"ул. Коровина, 19, Вичуга",Управляющая компания «Жилищно-ремонтный участок №1»
"ул. Коровина, 21, Вичуга",Управляющая компания «Жилищно-ремонтный участок №1»
"ул. Коровина, 23, Вичуга",Управляющая компания «Жилищно-ремонтный участок №1»
"ул. Коровина, 25, Вичуга",Управляющая компания «Жилищно-ремонтный участок №1»
"ул. Коровина, 26, Вичуга",Управляющая компания «Жилищно-ремонтный участок №1»
"ул. Коровина, 3, Вичуга",Управляющая компания «Жилищно-ремонтный участок №1»
"ул. Коровина, 3 Литер А, Вичуга",Управляющая компания «Жилищно-ремонтный участок №1»
"ул. Коровина, 5, Вичуга",Управляющая компания «Жилищно-ремонтный участок №1»
"ул. Коровина, 7, Вичуга",Управляющая компания «Жилищно-ремонтный участок №1»
"ул. Коровина, 7А, Вичуга",Управляющая компания «Жилищно-ремонтный участок №1»
"ул. Коровина, 9, Вичуга",Управляющая компания «Жилищно-ремонтный участок №1»
"ул. Ленинградская, 14, Вичуга",Управляющая компания «Жилищно-ремонтный участок №1»
"ул. Ленинградская, 16, Вичуга",Управляющая компания «Жилищно-ремонтный участок №1»
"ул. Ленинградская, 18, Вичуга",Управляющая компания «Жилищно-ремонтный участок №1»
"ул. Ленинградская, 19Б, Вичуга",Управляющая компания «Жилищно-ремонтный участок №1»
"ул. Ленинградская, 19В, Вичуга",Управляющая компания «Жилищно-ремонтный участок №1»
"ул. Ленинградская, 20, Вичуга",Управляющая компания «Жилищно-ремонтный участок №1»
"ул. Ленинградская, 22, Вичуга",Управляющая компания «Жилищно-ремонтный участок №1»
"ул. Ленинградская, 24, Вичуга",Управляющая компания «Жилищно-ремонтный участок №1»
"ул. Ленинградская, 36, Вичуга",Управляющая компания «Жилищно-ремонтный участок №1»
"ул. Ленинградская, 6, Вичуга",Управляющая компания «Жилищно-ремонтный участок №1»
"ул. Литейная, 10/13, Вичуга",Управляющая компания «Жилищно-ремонтный участок №1»
"ул. Литейная, 11, Вичуга",Управляющая компания «Жилищно-ремонтный участок №1»
"ул. Маевка, 10, Вичуга",Управляющая компания «Жилищно-ремонтный участок №1»
"ул. Маевка, 12, Вичуга",Управляющая компания «Жилищно-ремонтный участок №1»
"ул. Маевка, 4, Вичуга",Управляющая компания «Жилищно-ремонтный участок №1»
"ул. Металлистов, 7, Вичуга",Управляющая компания «Жилищно-ремонтный участок №1»
"ул. Покровского, 10, Вичуга",Управляющая компания «Жилищно-ремонтный участок №1»
"ул. Покровского, 12, Вичуга",Управляющая компания «Жилищно-ремонтный участок №1»
"ул. Покровского, 14, Вичуга",Управляющая компания «Жилищно-ремонтный участок №1»
"ул. Покровского, 16, Вичуга",Управляющая компания «Жилищно-ремонтный участок №1»
"ул. Покровского, 18, Вичуга",Управляющая компания «Жилищно-ремонтный участок №1»
"ул. Покровского, 19, Вичуга",Управляющая компания «Жилищно-ремонтный участок №1»
"ул. Покровского, 20, Вичуга",Управляющая компания «Жилищно-ремонтный участок №1»
"ул. Покровского, 21, Вичуга",Управляющая компания «Жилищно-ремонтный участок №1»
"ул. Покровского, 22, Вичуга",Управляющая компания «Жилищно-ремонтный участок №1»
"ул. Покровского, 22А, Вичуга",Управляющая компания «Жилищно-ремонтный участок №1»
"ул. Покровского, 26, Вичуга",Управляющая компания «Жилищно-ремонтный участок №1»
"ул. Покровского, 26А, Вичуга",Управляющая компания «Жилищно-ремонтный участок №1»
"ул. Покровского, 27, Вичуга",Управляющая компания «Жилищно-ремонтный участок №1»
"ул. Пугачевская, 24, Вичуга",Управляющая компания «Жилищно-ремонтный участок №1»
"ул. Ульяновская, 22/2, Вичуга",Управляющая компания «Жилищно-ремонтный участок №1»
"ул. Ульяновская, 24/1, Вичуга",Управляющая компания «Жилищно-ремонтный участок №1»
"ул. Ульяновская, 26/5, Вичуга",Управляющая компания «Жилищно-ремонтный участок №1»
"ул. Ульяновская, 32, Вичуга",Управляющая компания «Жилищно-ремонтный участок №1»
"ул. Ульяновская, 34, Вичуга",Управляющая компания «Жилищно-ремонтный участок №1»
"ул. Ульяновская, 38, Вичуга",Управляющая компания «Жилищно-ремонтный участок №1»
"ул. Ульяновская, 40, Вичуга",Управляющая компания «Жилищно-ремонтный участок №1»
"ул. Филиппенковская, 4, Вичуга",Управляющая компания «Жилищно-ремонтный участок №1»
"ул. Филиппенковская, 6, Вичуга",Управляющая компания «Жилищно-ремонтный участок №1»
"ул. Филиппенковская, 8, Вичуга",Управляющая компания «Жилищно-ремонтный участок №1»
"ул. Центральная, 1, Вичуга",Управляющая компания «Жилищно-ремонтный участок №1»
"ул. Центральная, 2, Вичуга",Управляющая компания «Жилищно-ремонтный участок №1»
"ул. Центральная, 3, Вичуга",Управляющая компания «Жилищно-ремонтный участок №1»
"ул. 50 лет СССР, 4, Каменка",Управляющая компания «Вичугская управляющая компания»
"ул. Николаева, 4, Каменка",Управляющая компания «Вичугская управляющая компания»
"ул. Николаева, 5, Каменка",Управляющая компания «Вичугская управляющая компания»
"ул. Полевая 1-я, 35, Каменка",Управляющая компания «Вичугская управляющая компания»
"Пятницкий пер., 14, Вичуга",Управляющая компания «Вичугская управляющая компания»
"Пятницкий пер., 4, Вичуга",Управляющая компания «Вичугская управляющая компания»
"ул. 7 Ноября, 73, Вичуга",Управляющая компания «Вичугская управляющая компания»
"ул. Абрамовой, 18, Вичуга",Управляющая компания «Вичугская управляющая компания»
"ул. Баумана, 12, Вичуга",Управляющая компания «Вичугская управляющая компания»
"ул. Баумана, 13, Вичуга",Управляющая компания «Вичугская управляющая компания»
"ул. Библиотечная 2-я, 2, Вичуга",Управляющая компания «Вичугская управляющая компания»
"ул. Библиотечная 2-я, 4, Вичуга",Управляющая компания «Вичугская управляющая компания»
"ул. Богдана Хмельницкого, 27, Вичуга",Управляющая компания «Вичугская управляющая компания»
"ул. Богдана Хмельницкого, 36, Вичуга",Управляющая компания «Вичугская управляющая компания»
"ул. Богдана Хмельницкого, 37/13, Вичуга",Управляющая компания «Вичугская управляющая компания»
"ул. Богдана Хмельницкого, 41А, Вичуга",Управляющая компания «Вичугская управляющая компания»
"ул. Богдана Хмельницкого, 41Г, Вичуга",Управляющая компания «Вичугская управляющая компания»
"ул. Богдана Хмельницкого, 43Б, Вичуга",Управляющая компания «Вичугская управляющая компания»
"ул. Богдана Хмельницкого, 62, Вичуга",Управляющая компания «Вичугская управляющая компания»
"ул. Больничная, 3, Вичуга",Управляющая компания «Вичугская управляющая компания»
"ул. Большая Пролетарская, 12/14, Вичуга",Управляющая компания «Вичугская управляющая компания»
"ул. Большая Пролетарская, 16, Вичуга",Управляющая компания «Вичугская управляющая компания»
"ул. Большая Пролетарская, 9/1, Вичуга",Управляющая компания «Вичугская управляющая компания»
"ул. Виноградовых, 1А, Вичуга",Управляющая компания «Вичугская управляющая компания»
"ул. Виноградовых, 2А, Вичуга",Управляющая компания «Вичугская управляющая компания»
"ул. Глуховская, 22, Вичуга",Управляющая компания «Вичугская управляющая компания»
"ул. Глуховская, 24, Вичуга",Управляющая компания «Вичугская управляющая компания»
"ул. Глуховская, 25, Вичуга",Управляющая компания «Вичугская управляющая компания»
"ул. Глуховская, 27, Вичуга",Управляющая компания «Вичугская управляющая компания»
"ул. Глуховская, 9/47, Вичуга",Управляющая компания «Вичугская управляющая компания»
"ул. Гороховская, 3, Вичуга",Управляющая компания «Вичугская управляющая компания»
"ул. Дачная, 3, Вичуга",Управляющая компания «Вичугская управляющая компания»
"ул. Кирпичный завод, 2, Вичуга",Управляющая компания «Вичугская управляющая компания»
"ул. Кирпичный завод, 3, Вичуга",Управляющая компания «Вичугская управляющая компания»
"ул. Ленинградская, 27, Вичуга",Управляющая компания «Вичугская управляющая компания»
"ул. Ленинградская, 29, Вичуга",Управляющая компания «Вичугская управляющая компания»
"ул. Ленинградская, 33/12, Вичуга",Управляющая компания «Вичугская управляющая компания»
"ул. Ленинградская, 50А, Вичуга",Управляющая компания «Вичугская управляющая компания»
"ул. Ленинградская, 54, Вичуга",Управляющая компания «Вичугская управляющая компания»
"ул. Ленинградская, 56, Вичуга",Управляющая компания «Вичугская управляющая компания»
"ул. Ленинградская, 58, Вичуга",Управляющая компания «Вичугская управляющая компания»
"ул. Ленинградская, 60, Вичуга",Управляющая компания «Вичугская управляющая компания»
"ул. Ленинградская, 62, Вичуга",Управляющая компания «Вичугская управляющая компания»
"ул. Ленинградская, 64, Вичуга",Управляющая компания «Вичугская управляющая компания»
"ул. Ленинградская, 66, Вичуга",Управляющая компания «Вичугская управляющая компания»
"ул. Ленинградская, 68, Вичуга",Управляющая компания «Вичугская управляющая компания»
"ул. Ленинградская, 77, Вичуга",Управляющая компания «Вичугская управляющая компания»
"ул. Ленинградская, 79, Вичуга",Управляющая компания «Вичугская управляющая компания»
"ул. Ленинградская, 82, Вичуга",Управляющая компания «Вичугская управляющая компания»
"ул. Мира, 26, Вичуга",Управляющая компания «Вичугская управляющая компания»
"ул. Н.П.Куликовой, 2Г, Вичуга",Управляющая компания «Вичугская управляющая компания»
"ул. Покровского, 17, Вичуга",Управляющая компания «Вичугская управляющая компания»
"ул. Покровского, 21А, Вичуга",Управляющая компания «Вичугская управляющая компания»
"ул. Покровского, 4, Вичуга",Управляющая компания «Вичугская управляющая компания»
"ул. Советская, 43, Вичуга",Управляющая компания «Вичугская управляющая компания»
"ул. Тезинская 1-я, 1, Вичуга",Управляющая компания «Вичугская управляющая компания»
"ул. Тезинская 1-я, 3, Вичуга",Управляющая компания «Вичугская управляющая компания»
"ул. Ульяновская, 12, Вичуга",Управляющая компания «Вичугская управляющая компания»
"ул. Ульяновская, 18, Вичуга",Управляющая компания «Вичугская управляющая компания»
"ул. Урицкого, 16, Вичуга",Управляющая компания «Вичугская управляющая компания»
"ул. Урицкого, 20А, Вичуга",Управляющая компания «Вичугская управляющая компания»
"ул. Василевского А.М., 13, Вичуга",Управляющая компания «ЖРУ №2»
"ул. Володарского, 100, Вичуга",Управляющая компания «ЖРУ №2»
"ул. Володарского, 104, Вичуга",Управляющая компания «ЖРУ №2»
"ул. Володарского, 106, Вичуга",Управляющая компания «ЖРУ №2»
"ул. Володарского, 28, Вичуга",Управляющая компания «ЖРУ №2»
"ул. Володарского, 34, Вичуга",Управляющая компания «ЖРУ №2»
"ул. Володарского, 36, Вичуга",Управляющая компания «ЖРУ №2»
"ул. Володарского, 38, Вичуга",Управляющая компания «ЖРУ №2»
"ул. Володарского, 42, Вичуга",Управляющая компания «ЖРУ №2»
"ул. Володарского, 46, Вичуга",Управляющая компания «ЖРУ №2»
"ул. Желябова, 5, Вичуга",Управляющая компания «ЖРУ №2»
"ул. Красинская 2-я, 6, Вичуга",Управляющая компания «ЖРУ №2»
"ул. Красинская 3-я, 2, Вичуга",Управляющая компания «ЖРУ №2»
"ул. Ленинская, 10, Вичуга",Управляющая компания «ЖРУ №2»
"ул. Ленинская, 16, Вичуга",Управляющая компания «ЖРУ №2»
"ул. Ленинская, 23, Вичуга",Управляющая компания «ЖРУ №2»
"ул. Ленинская, 25, Вичуга",Управляющая компания «ЖРУ №2»
"ул. Ленинская, 27, Вичуга",Управляющая компания «ЖРУ №2»
"ул. Ленинская, 28, Вичуга",Управляющая компания «ЖРУ №2»
"ул. Ленинская, 30, Вичуга",Управляющая компания «ЖРУ №2»
"ул. Ленинская, 4, Вичуга",Управляющая компания «ЖРУ №2»
"ул. Ленинская, 8/2, Вичуга",Управляющая компания «ЖРУ №2»
"ул. Ломоносова 1-я, 33, Вичуга",Управляющая компания «ЖРУ №2»
"ул. Ломоносова 1-я, 50, Вичуга",Управляющая компания «ЖРУ №2»
"ул. Ломоносова 1-я, 51, Вичуга",Управляющая компания «ЖРУ №2»
"ул. Ломоносова 1-я, 52, Вичуга",Управляющая компания «ЖРУ №2»
"ул. Свердловская 1-я, 1, Вичуга",Управляющая компания «ЖРУ №2»
"ул. Свердловская 1-я, 2, Вичуга",Управляющая компания «ЖРУ №2»
"ул. Свердловская 1-я, 3, Вичуга",Управляющая компания «ЖРУ №2»
"ул. Свердловская 2-я, 4, Вичуга",Управляющая компания «ЖРУ №2»
"ул. Свердловская 2-я, 6, Вичуга",Управляющая компания «ЖРУ №2»
"ул. Свердловская 2-я, 8, Вичуга",Управляющая компания «ЖРУ №2»
"ул. Сибирская, 38, Вичуга",Управляющая компания «ЖРУ №2»
"ул. Сибирская, 44, Вичуга",Управляющая компания «ЖРУ №2»
"ул. Сибирская, 46, Вичуга",Управляющая компания «ЖРУ №2»
"ул. Сибирская, 46А, Вичуга",Управляющая компания «ЖРУ №2»
"ул. Советская, 10, Вичуга",Управляющая компания «ЖРУ №2»
"ул. Советская, 30, Вичуга",Управляющая компания «ЖРУ №2»
"ул. Советская, 37, Вичуга",Управляющая компания «ЖРУ №2»
"ул. Советская, 39, Вичуга",Управляющая компания «ЖРУ №2»
"ул. Советская, 4, Вичуга",Управляющая компания «ЖРУ №2»
"ул. Советская, 41, Вичуга",Управляющая компания «ЖРУ №2»
"ул. Советская, 41А, Вичуга",Управляющая компания «ЖРУ №2»
"ул. Советская, 8, Вичуга",Управляющая компания «ЖРУ №2»
"ул. 50 лет СССР, 1, Каменка",Управляющая компания «Стоун»
"ул. Московская, 1, Вичуга",Управляющая компания «Стоун»
"ул. Московская, 10, Вичуга",Управляющая компания «Стоун»
"ул. Московская, 11, Вичуга",Управляющая компания «Стоун»
"ул. Московская, 12, Вичуга",Управляющая компания «Стоун»
"ул. Московская, 13, Вичуга",Управляющая компания «Стоун»
"ул. Московская, 14, Вичуга",Управляющая компания «Стоун»
"ул. Московская, 15, Вичуга",Управляющая компания «Стоун»
"ул. Московская, 2, Вичуга",Управляющая компания «Стоун»
"ул. Московская, 3, Вичуга",Управляющая компания «Стоун»
"ул. Московская, 4, Вичуга",Управляющая компания «Стоун»
"ул. Московская, 5, Вичуга",Управляющая компания «Стоун»
"ул. Московская, 6, Вичуга",Управляющая компания «Стоун»
"ул. Московская, 7, Вичуга",Управляющая компания «Стоун»
"ул. Московская, 8, Вичуга",Управляющая компания «Стоун»
"ул. Московская, 9, Вичуга",Управляющая компания «Стоун»
"ул. Покровского, 3Б, Вичуга",ТСЖ «Ногинец-3»
"ул. Ульяновская, 36, Вичуга",ЖСК «Заря-2»
"ул. Богдана Хмельницкого, 3А, Вичуга",ЖСК «Маяк-2»
"ул. Филиппенковская, 10, Вичуга",ЖСК «Маяк-3»
"ул. Ульяновская, 30, Вичуга",ЖСК «Маяк»
"ул. Ленинградская, 50, Вичуга",ЖСК «Мир-2»
"ул. Гороховская, 1, Вичуга",ЖСК «Мир»
"ул. Урицкого, 20, Вичуга",ЖСК «Ногинец-5»
"ул. Ленинградская, 40А, Вичуга",ЖСК «Прогресс»
"ул. Филиппенковская, 12, Вичуга",ТСЖ «Заря-1»
"Пятницкий пер., 13, Вичуга",ТСЖ «Старатели»
"ул. Ленинградская, 52, Вичуга",ТСЖ «Управдом»
"ул. Володарского, 102, Вичуга",ТСН «Шаговец»
"ул. Московская, 13, Вичуга",ТСЖ «Московский»
"ул. Ульяновская, 15, Вичуга",ТСЖ «Элит»
