name,type,address,dispatch_phone,phones,houses_declared,inn,ogrn,email,site
Управляющая компания «Жилищно-ремонтный участок №1»,УК,"Ивановская обл., г. Вичуга, ул. Ленинградская, д. 22",+7 (493) 542-34-73,+7 (493) 542-57-60,88,3701043128,1083701000074,jru1.vichuga@inbox.ru,–
Управляющая компания «Вичугская управляющая компания»,УК,"Ивановская обл., г. Вичуга, ул. Мира, д. 29Б",+7 (493) 542-42-92,+7 (493) 542-42-06,61,3701047242,1113701000808,zru4@yandex.ru,zru37.ru
Управляющая компания «ЖРУ №2»,УК,"Ивановская обл., г. Вичуга, ул. Ленинградская, д. 22",+7 (493) 542-34-73,+7 (493) 542-57-60,44,3701047468,1123701000488,jru1.vichuga@inbox.ru,–
Управляющая компания «Стоун»,УК,"Ивановская обл., г. Вичуга, ул. Володарского, д. 1",+7 (910) 982-43-20,+7 (493) 542-34-37,16,3701042974,1073701000966,stown37@mail.ru,–
ТСЖ «Ногинец-3»,ТСЖ,"Ивановская обл., г. Вичуга, ул. Покровского, д. 3Б",–,+7 (920) 360-33-63,2,–,–,–,–
ЖСК «Заря-2»,ЖСК,"Ивановская обл., г. Вичуга, ул. Ульяновская, д. 36",–,+7 (915) 846-15-83,1,–,–,–,–
ЖСК «Маяк-2»,ЖСК,"Ивановская обл., г. Вичуга, ул. Богдана Хмельницкого, д. 3А",–,+7 (901) 287-49-77,1,–,–,–,–
ЖСК «Маяк-3»,ЖСК,"Ивановская обл., г. Вичуга, ул. Филиппенковская, д. 10",–,+7 (960) 508-62-97,1,–,–,–,–
ЖСК «Маяк»,ЖСК,"Ивановская обл., г. Вичуга, ул. Ульяновская, д. 30",–,+7 (962) 168-11-66,1,–,–,–,–
ЖСК «Мир-2»,ЖСК,"Ивановская обл., г. Вичуга, ул. Ленинградская, д. 50",–,+7 (915) 812-86-19,1,–,–,–,–
ЖСК «Мир»,ЖСК,"Ивановская обл., г. Вичуга, ул. Гороховская, д. 1",–,+7 (960) 506-59-97,1,–,–,–,–
ЖСК «Ногинец-4»,ЖСК,"Ивановская обл., г. Вичуга, ул. Богдана Хмельницкого",–,+7 (961) 116-31-30,1,–,–,–,–
ЖСК «Ногинец-5»,ЖСК,"Ивановская обл., г. Вичуга, ул. Урицкого, д. 20",–,+7 (905) 107-03-55,1,–,–,–,–
ЖСК «Прогресс»,ЖСК,"Ивановская обл., г. Вичуга, ул. Ленинградская, д. 40А",–,+7 (915) 822-93-06,1,–,–,–,–
ТСЖ «Заря-1»,ТСЖ,"Ивановская обл., г. Вичуга, ул. Филиппенковская, д. 12",–,+7 (980) 691-34-25,1,–,–,–,–
ТСЖ «Старатели»,ТСЖ,"Ивановская обл., г. Вичуга, Пятницкий пер., д. 13",–,+7 (920) 377-87-88,1,–,–,–,–
ТСЖ «Управдом»,ТСЖ,"Ивановская обл., г. Вичуга, ул. Ленинградская, д. 52",–,+7 (920) 350-99-39,1,–,–,–,–
ТСН «Шаговец»,ТСН,"Ивановская обл., г. Вичуга, ул. Володарского, д. 102",–,+7 (964) 490-53-00,1,–,–,–,–
ТСЖ «Московский»,ТСЖ,"Ивановская обл., г. Вичуга, ул. Московская, д. 13",–,+7 (920) 472-12-09,–,–,–,–,–
ТСЖ «Элит»,ТСЖ,"Ивановская обл., г. Вичуга, ул. Ульяновская, д. 15",–,+7 (903) 879-16-03,–,–,–,–,–
