party,name,phones,hours,address,email,site,note
water_utility,«Городской водопровод» (г. Вичуга),Водоснабжение:+7 (493) 542-22-79,,,voda37@yandex.ru,,
heat_utility,МУП «ОК и ТС» (котельные и тепловые сети),Диспетчерская:+7 (493) 542-44-72; Приёмная:+7 (493) 542-23-46,,,mypokits@yandex.ru,,
energy_utility,ЭнергосбыТ Плюс или Ивановоэнергосбыт,"ЭнергосбыТ Плюс, офис в Вичуге:+7 (493) 543-58-33; Ивановоэнергосбыт, горячая линия:8 (800) 350-42-12","ЭнергосбыТ Плюс: вт–пт 8:00-17:00, сб 8:00-16:00","ЭнергосбыТ Плюс: ул. Ульяновская, д. 15; Ивановоэнергосбыт: ул. Покровского, д. 17",,ivanovo.esplus.ru,"Ваша компания указана в квитанции за свет. Обрыв проводов на улице – Вичугский РЭС «Ивэнерго», ул. Кинешемская, д. 42."
gas_service,АО «Газпром газораспределение Иваново»,"Справки и техобслуживание:+7 (493) 542-90-45; Справки:+7 (493) 542-32-89; Начисления и счётчики («Газпром межрегионгаз»):+7 (493) 543-00-74","Начисления: пн, вт, чт 8:00-17:00; ср 8:00-20:00; пт 8:00-15:45","Начисления: ул. Ленинградская, д. 18А",,,При запахе газа сразу звоните 104.
tko_operator,ООО «Вторресурсхолдинг» – вывоз мусора,Контакт-центр:+7 (493) 295-09-50; Контакт-центр:+7 (901) 681-56-17,"будни 9:00-17:00, выходные 10:00-17:00",,,vk.ru/vr.holding,
municipality,Администрация городского округа Вичуга,Дежурная служба (ЕДДС):+7 (493) 542-50-27; Приёмная главы:+7 (493) 542-10-11,,,,,
housing_inspection,Государственная жилищная инспекция Ивановской области,Единый телефон:+7 (493) 241-05-61,,"г. Иваново, ул. Театральная, д. 16",,dom.gosuslugi.ru,"Сначала обратитесь в управляющую организацию. Если она не реагирует, заявление в инспекцию можно подать онлайн через ГИС ЖКХ – dom.gosuslugi.ru (вход через Госуслуги) – или письменно."
lift_service,Аварийная служба вашей УК,,,,,,Отдельной лифтовой службы в городе нет: заявки принимает аварийная служба вашей УК. Номер диспетчера лифта есть и в кабине.
intercom_service,Организация по обслуживанию домофона,,,,,,Название и телефон – на панели домофона или в квитанции.
